Tier 1 Contextual Category;Tier 2 Contextual Category; Cost (EUR) ;Impressions;Clicks;CTR (%); eCPM (EUR) ; eCPC (EUR) ;Leads (All); eCPL (All) (EUR) ;COV (%)
Arts & Entertainment;Books & Literature; 2 428,32 ;436862;354;0,08%; 5,56 ; 6,86 ;5; 485,66 ;1,41%
Arts & Entertainment;Celebrity Fan/Gossip; 5 620,08 ;797331;480;0,06%; 7,05 ; 11,71 ;6; 936,68 ;1,25%
Arts & Entertainment;Fine Art; 1 307,36 ;352191;315;0,09%; 3,71 ; 4,15 ;5; 261,47 ;1,59%
Arts & Entertainment;Humor; 3 424,96 ;658492;529;0,08%; 5,20 ; 6,47 ;7; 489,28 ;1,32%
Arts & Entertainment;Movies; 6 523,68 ;994689;739;0,07%; 6,56 ; 8,83 ;6; 1 087,28 ;0,81%
Arts & Entertainment;Music; 9 525,12 ;1197117;855;0,07%; 7,96 ; 11,14 ;5; 1 905,02 ;0,58%
Arts & Entertainment;n/a; 70 880,72 ;8180719;4401;0,05%; 8,66 ; 16,11 ;10; 7 088,07 ;0,23%
Arts & Entertainment;Television; 8 874,16 ;1107684;976;0,09%; 8,01 ; 9,09 ;6; 1 479,03 ;0,61%
Automotive;Auto Parts; 2 789,20 ;432149;347;0,08%; 6,45 ; 8,04 ;5; 557,84 ;1,44%
Automotive;Auto Repair; 105,68 ;217952;271;0,12%; 0,48 ; 0,39 ;5; 21,14 ;1,85%
Automotive;Buying/Selling Cars; 1 071,68 ;317969;314;0,10%; 3,37 ; 3,41 ;5; 214,34 ;1,59%
Automotive;Car Culture; 101,12 ;218483;273;0,12%; 0,46 ; 0,37 ;5; 20,22 ;1,83%
Automotive;Certified Pre-Owned; 110,16 ;219513;273;0,12%; 0,50 ; 0,40 ;5; 22,03 ;1,83%
Automotive;Convertible; 167,92 ;225013;280;0,12%; 0,75 ; 0,60 ;5; 33,58 ;1,79%
Automotive;Coupe; 168,08 ;225040;280;0,12%; 0,75 ; 0,60 ;5; 33,62 ;1,79%
Automotive;Crossover; 167,12 ;224859;280;0,12%; 0,74 ; 0,60 ;5; 33,42 ;1,79%
Automotive;Diesel; 167,12 ;224859;280;0,12%; 0,74 ; 0,60 ;5; 33,42 ;1,79%
Automotive;Electric Vehicle; 185,52 ;226282;281;0,12%; 0,82 ; 0,66 ;5; 37,10 ;1,78%
Automotive;Hatchback; 166,80 ;224825;280;0,12%; 0,74 ; 0,60 ;5; 33,36 ;1,79%
Automotive;Hybrid; 199,12 ;227276;280;0,12%; 0,88 ; 0,71 ;5; 39,82 ;1,79%
Automotive;Luxury; 353,84 ;233020;286;0,12%; 1,52 ; 1,24 ;5; 70,77 ;1,75%
Automotive;MiniVan; 186,16 ;226551;281;0,12%; 0,82 ; 0,66 ;5; 37,23 ;1,78%
Automotive;Motorcycles; 416,48 ;248569;290;0,12%; 1,68 ; 1,44 ;5; 83,30 ;1,72%
Automotive;n/a; 7 256,56 ;846598;602;0,07%; 8,57 ; 12,05 ;5; 1 451,31 ;0,83%
Automotive;Off-Road Vehicles; 105,68 ;218322;271;0,12%; 0,48 ; 0,39 ;5; 21,14 ;1,85%
Automotive;Performance Vehicles; 408,40 ;238336;285;0,12%; 1,71 ; 1,43 ;5; 81,68 ;1,75%
Automotive;Pickup; 42,64 ;213068;266;0,12%; 0,20 ; 0,16 ;5; 8,53 ;1,88%
Automotive;Road-Side Assistance; 20,40 ;210822;266;0,13%; 0,10 ; 0,08 ;5; 4,08 ;1,88%
Automotive;Sedan; 20,24 ;210811;266;0,13%; 0,10 ; 0,08 ;5; 4,05 ;1,88%
Automotive;Trucks & Accessories; 108,64 ;220824;268;0,12%; 0,49 ; 0,41 ;5; 21,73 ;1,87%
Automotive;Vintage Cars; 218,56 ;230492;277;0,12%; 0,95 ; 0,79 ;5; 43,71 ;1,81%
Automotive;Wagon; 20,24 ;210811;266;0,13%; 0,10 ; 0,08 ;5; 4,05 ;1,88%
Business;Advertising; 504,40 ;247627;280;0,11%; 2,04 ; 1,80 ;5; 100,88 ;1,79%
Business;Agriculture; 367,04 ;242898;287;0,12%; 1,51 ; 1,28 ;5; 73,41 ;1,74%
Business;Biotech/Biomedical; 51,52 ;212668;269;0,13%; 0,24 ; 0,19 ;5; 10,30 ;1,86%
Business;Business Software; 1 439,84 ;354362;337;0,10%; 4,06 ; 4,27 ;5; 287,97 ;1,48%
Business;Construction; 251,44 ;225855;277;0,12%; 1,11 ; 0,91 ;5; 50,29 ;1,81%
Business;Forestry; 44,96 ;213127;267;0,13%; 0,21 ; 0,17 ;5; 8,99 ;1,87%
Business;Government; 20,56 ;210406;266;0,13%; 0,10 ; 0,08 ;5; 4,11 ;1,88%
Business;Green Solutions; 20,56 ;210426;266;0,13%; 0,10 ; 0,08 ;5; 4,11 ;1,88%
Business;Human Resources; 140,08 ;216981;270;0,12%; 0,65 ; 0,52 ;5; 28,02 ;1,85%
Business;Logistics; 301,04 ;229757;276;0,12%; 1,31 ; 1,09 ;5; 60,21 ;1,81%
Business;Marketing; 504,48 ;247633;280;0,11%; 2,04 ; 1,80 ;5; 100,90 ;1,79%
Business;Metals; 129,76 ;218071;267;0,12%; 0,60 ; 0,49 ;5; 25,95 ;1,87%
Business;n/a; 9 283,12 ;1022590;644;0,06%; 9,08 ; 14,41 ;7; 1 326,16 ;1,09%
Careers;Career Advice; 37,60 ;207655;261;0,13%; 0,18 ; 0,14 ;4; 9,40 ;1,53%
Careers;Career Planning; 132,96 ;212860;261;0,12%; 0,62 ; 0,51 ;4; 33,24 ;1,53%
Careers;College; 37,20 ;207622;261;0,13%; 0,18 ; 0,14 ;4; 9,30 ;1,53%
Careers;Financial Aid; 27,76 ;206697;260;0,13%; 0,13 ; 0,11 ;4; 6,94 ;1,54%
Careers;Job Fairs; 43,60 ;208072;261;0,13%; 0,21 ; 0,17 ;4; 10,90 ;1,53%
Careers;Job Search; 814,88 ;251239;302;0,12%; 3,24 ; 2,70 ;4; 203,72 ;1,32%
Careers;n/a; 2 505,44 ;394546;339;0,09%; 6,35 ; 7,39 ;6; 417,57 ;1,77%
Careers;Nursing; 19,76 ;206176;260;0,13%; 0,10 ; 0,08 ;4; 4,94 ;1,54%
Careers;Resume Writing/Advice; 132,80 ;212989;263;0,12%; 0,62 ; 0,50 ;4; 33,20 ;1,52%
Careers;Scholarships; 27,20 ;206696;260;0,13%; 0,13 ; 0,10 ;4; 6,80 ;1,54%
Careers;Telecommuting; 19,76 ;206176;260;0,13%; 0,10 ; 0,08 ;4; 4,94 ;1,54%
Careers;U.S. Military; 19,76 ;206176;260;0,13%; 0,10 ; 0,08 ;4; 4,94 ;1,54%
Education;7-12 Education; 314,24 ;226819;267;0,12%; 1,39 ; 1,18 ;4; 78,56 ;1,50%
Education;Adult Education; 43,28 ;208112;263;0,13%; 0,21 ; 0,16 ;4; 10,82 ;1,52%
Education;Art History; 47,68 ;207906;261;0,13%; 0,23 ; 0,18 ;4; 11,92 ;1,53%
Education;College Administration; 339,04 ;236575;273;0,12%; 1,43 ; 1,24 ;4; 84,76 ;1,47%
Education;College Life; 119,36 ;221344;263;0,12%; 0,54 ; 0,45 ;4; 29,84 ;1,52%
Education;Distance Learning; 86,80 ;209357;264;0,13%; 0,41 ; 0,33 ;4; 21,70 ;1,52%
Education;English as a 2nd Language; 19,76 ;205750;260;0,13%; 0,10 ; 0,08 ;4; 4,94 ;1,54%
Education;Graduate School; 119,36 ;221271;263;0,12%; 0,54 ; 0,45 ;4; 29,84 ;1,52%
Education;Homeschooling; 50,24 ;208032;261;0,13%; 0,24 ; 0,19 ;4; 12,56 ;1,53%
Education;Homework/Study Tips; 47,76 ;207926;261;0,13%; 0,23 ; 0,18 ;4; 11,94 ;1,53%
Education;K-6 Educators; 52,00 ;208852;262;0,13%; 0,25 ; 0,20 ;4; 13,00 ;1,53%
Education;Language Learning; 38,40 ;207287;261;0,13%; 0,19 ; 0,15 ;4; 9,60 ;1,53%
Education;n/a; 3 109,84 ;474112;395;0,08%; 6,56 ; 7,87 ;4; 777,46 ;1,01%
Education;Private School; 30,24 ;206460;260;0,13%; 0,15 ; 0,12 ;4; 7,56 ;1,54%
Education;Special Education; 56,80 ;208189;268;0,13%; 0,27 ; 0,21 ;4; 14,20 ;1,49%
Education;Studying Business; 101,04 ;211598;262;0,12%; 0,48 ; 0,39 ;4; 25,26 ;1,53%
Family & Parenting;Adoption; 24,56 ;211088;266;0,13%; 0,12 ; 0,09 ;5; 4,91 ;1,88%
Family & Parenting;Babies & Toddlers; 284,64 ;226638;274;0,12%; 1,26 ; 1,04 ;5; 56,93 ;1,82%
Family & Parenting;Daycare/Pre School; 71,44 ;212952;274;0,13%; 0,34 ; 0,26 ;5; 14,29 ;1,82%
Family & Parenting;Eldercare; 45,12 ;212690;267;0,13%; 0,21 ; 0,17 ;5; 9,02 ;1,87%
Family & Parenting;Family Internet; 20,56 ;210992;266;0,13%; 0,10 ; 0,08 ;5; 4,11 ;1,88%
Family & Parenting;n/a; 1 865,36 ;367792;357;0,10%; 5,07 ; 5,23 ;5; 373,07 ;1,40%
Family & Parenting;Parenting - K-6 Kids; 770,96 ;308648;292;0,09%; 2,50 ; 2,64 ;5; 154,19 ;1,71%
Family & Parenting;Parenting teens; 20,40 ;210822;266;0,13%; 0,10 ; 0,08 ;5; 4,08 ;1,88%
Family & Parenting;Pregnancy; 589,04 ;266247;287;0,11%; 2,21 ; 2,05 ;5; 117,81 ;1,74%
Family & Parenting;Special Needs Kids; 37,28 ;211691;273;0,13%; 0,18 ; 0,14 ;5; 7,46 ;1,83%
Food & Drink;American Cuisine; 1 728,96 ;425881;416;0,10%; 4,06 ; 4,16 ;5; 345,79 ;1,20%
Food & Drink;Barbecues & Grilling; 1 853,04 ;437737;421;0,10%; 4,23 ; 4,40 ;5; 370,61 ;1,19%
Food & Drink;Cajun/Creole; 1 846,16 ;437384;421;0,10%; 4,22 ; 4,39 ;5; 369,23 ;1,19%
Food & Drink;Chinese Cuisine; 1 685,36 ;422914;415;0,10%; 3,99 ; 4,06 ;5; 337,07 ;1,20%
Food & Drink;Cocktails/Beer; 46,40 ;215557;269;0,12%; 0,22 ; 0,17 ;5; 9,28 ;1,86%
Food & Drink;Coffee/Tea; 262,88 ;233290;279;0,12%; 1,13 ; 0,94 ;5; 52,58 ;1,79%
Food & Drink;Cuisine-Specific; 1 852,56 ;437840;421;0,10%; 4,23 ; 4,40 ;5; 370,51 ;1,19%
Food & Drink;Desserts & Baking; 737,36 ;272508;315;0,12%; 2,71 ; 2,34 ;5; 147,47 ;1,59%
Food & Drink;Dining Out; 466,08 ;263674;284;0,11%; 1,77 ; 1,64 ;5; 93,22 ;1,76%
Food & Drink;Food Allergies; 203,20 ;226830;274;0,12%; 0,90 ; 0,74 ;5; 40,64 ;1,82%
Food & Drink;French Cuisine; 1 852,00 ;437870;422;0,10%; 4,23 ; 4,39 ;5; 370,40 ;1,18%
Food & Drink;Health/Lowfat Cooking; 1 683,36 ;422714;415;0,10%; 3,98 ; 4,06 ;5; 336,67 ;1,20%
Food & Drink;Italian Cuisine; 1 967,12 ;453846;431;0,09%; 4,33 ; 4,56 ;5; 393,42 ;1,16%
Food & Drink;Japanese Cuisine; 1 691,20 ;423231;414;0,10%; 4,00 ; 4,09 ;5; 338,24 ;1,21%
Food & Drink;Mexican Cuisine; 1 854,96 ;438079;423;0,10%; 4,23 ; 4,39 ;5; 370,99 ;1,18%
Food & Drink;n/a; 12 600,24 ;1591572;1021;0,06%; 7,92 ; 12,34 ;5; 2 520,05 ;0,49%
Food & Drink;Vegan; 226,24 ;231562;277;0,12%; 0,98 ; 0,82 ;5; 45,25 ;1,81%
Food & Drink;Vegetarian; 226,24 ;231562;277;0,12%; 0,98 ; 0,82 ;5; 45,25 ;1,81%
Food & Drink;Wine; 254,48 ;248838;274;0,11%; 1,02 ; 0,93 ;5; 50,90 ;1,82%
Health & Fitness;A.D.D.; 40,32 ;214154;268;0,13%; 0,19 ; 0,15 ;5; 8,06 ;1,87%
Health & Fitness;AIDS/HIV; 22,48 ;210949;266;0,13%; 0,11 ; 0,08 ;5; 4,50 ;1,88%
Health & Fitness;Allergies; 34,40 ;211700;267;0,13%; 0,16 ; 0,13 ;5; 6,88 ;1,87%
Health & Fitness;Alternative Medicine; 181,04 ;220551;274;0,12%; 0,82 ; 0,66 ;5; 36,21 ;1,82%
Health & Fitness;Arthritis; 47,76 ;212296;267;0,13%; 0,22 ; 0,18 ;5; 9,55 ;1,87%
Health & Fitness;Asthma; 23,60 ;211034;266;0,13%; 0,11 ; 0,09 ;5; 4,72 ;1,88%
Health & Fitness;Autism/PDD; 20,24 ;210811;266;0,13%; 0,10 ; 0,08 ;5; 4,05 ;1,88%
Health & Fitness;Bipolar Disorder; 20,24 ;210811;266;0,13%; 0,10 ; 0,08 ;5; 4,05 ;1,88%
Health & Fitness;Brain Tumor; 20,24 ;210811;266;0,13%; 0,10 ; 0,08 ;5; 4,05 ;1,88%
Health & Fitness;Cancer; 52,16 ;212836;266;0,12%; 0,25 ; 0,20 ;5; 10,43 ;1,88%
Health & Fitness;Cholesterol; 31,92 ;211424;266;0,13%; 0,15 ; 0,12 ;5; 6,38 ;1,88%
Health & Fitness;Chronic Fatigue Syndrome; 20,24 ;210811;266;0,13%; 0,10 ; 0,08 ;5; 4,05 ;1,88%
Health & Fitness;Chronic Pain; 60,48 ;212883;266;0,12%; 0,28 ; 0,23 ;5; 12,10 ;1,88%
Health & Fitness;Cold & Flu; 41,76 ;212085;267;0,13%; 0,20 ; 0,16 ;5; 8,35 ;1,87%
Health & Fitness;Deafness; 50,80 ;212595;268;0,13%; 0,24 ; 0,19 ;5; 10,16 ;1,87%
Health & Fitness;Dental Care; 73,04 ;214088;268;0,13%; 0,34 ; 0,27 ;5; 14,61 ;1,87%
Health & Fitness;Depression; 47,52 ;214543;268;0,12%; 0,22 ; 0,18 ;5; 9,50 ;1,87%
Health & Fitness;Dermatology; 20,24 ;210811;266;0,13%; 0,10 ; 0,08 ;5; 4,05 ;1,88%
Health & Fitness;Diabetes; 34,48 ;211805;266;0,13%; 0,16 ; 0,13 ;5; 6,90 ;1,88%
Health & Fitness;Epilepsy; 20,24 ;210811;266;0,13%; 0,10 ; 0,08 ;5; 4,05 ;1,88%
Health & Fitness;Exercise; 138,32 ;221675;271;0,12%; 0,62 ; 0,51 ;5; 27,66 ;1,85%
Health & Fitness;GERD/Acid Reflux; 96,24 ;214985;267;0,12%; 0,45 ; 0,36 ;5; 19,25 ;1,87%
Health & Fitness;Headaches/Migraines; 29,20 ;211310;266;0,13%; 0,14 ; 0,11 ;5; 5,84 ;1,88%
Health & Fitness;Heart Disease; 77,60 ;214235;268;0,13%; 0,36 ; 0,29 ;5; 15,52 ;1,87%
Health & Fitness;Herbs for Health; 20,24 ;210811;266;0,13%; 0,10 ; 0,08 ;5; 4,05 ;1,88%
Health & Fitness;Holistic Healing; 20,24 ;210811;266;0,13%; 0,10 ; 0,08 ;5; 4,05 ;1,88%
Health & Fitness;IBS/Crohn's Disease; 20,24 ;210811;266;0,13%; 0,10 ; 0,08 ;5; 4,05 ;1,88%
Health & Fitness;Incest/Abuse Support; 20,24 ;210811;266;0,13%; 0,10 ; 0,08 ;5; 4,05 ;1,88%
Health & Fitness;Incontinence; 20,24 ;210811;266;0,13%; 0,10 ; 0,08 ;5; 4,05 ;1,88%
Health & Fitness;Infertility; 42,40 ;212321;267;0,13%; 0,20 ; 0,16 ;5; 8,48 ;1,87%
Health & Fitness;Men's Health; 47,76 ;213426;272;0,13%; 0,22 ; 0,18 ;5; 9,55 ;1,84%
Health & Fitness;n/a; 5 438,32 ;647830;528;0,08%; 8,39 ; 10,30 ;5; 1 087,66 ;0,95%
Health & Fitness;Nutrition; 596,88 ;256681;291;0,11%; 2,33 ; 2,05 ;5; 119,38 ;1,72%
Health & Fitness;Orthopedics; 20,24 ;210811;266;0,13%; 0,10 ; 0,08 ;5; 4,05 ;1,88%
Health & Fitness;Panic/Anxiety Disorders; 52,32 ;214906;270;0,13%; 0,24 ; 0,19 ;5; 10,46 ;1,85%
Health & Fitness;Pediatrics; 36,32 ;213910;266;0,12%; 0,17 ; 0,14 ;5; 7,26 ;1,88%
Health & Fitness;Physical Therapy; 29,76 ;211279;266;0,13%; 0,14 ; 0,11 ;5; 5,95 ;1,88%
Health & Fitness;Psychology/Psychiatry; 194,96 ;224219;273;0,12%; 0,87 ; 0,71 ;5; 38,99 ;1,83%
Health & Fitness;Senior Health; 58,24 ;213496;268;0,13%; 0,27 ; 0,22 ;5; 11,65 ;1,87%
Health & Fitness;Sexuality; 267,28 ;226948;274;0,12%; 1,18 ; 0,98 ;5; 53,46 ;1,82%
Health & Fitness;Sleep Disorders; 44,16 ;212087;266;0,13%; 0,21 ; 0,17 ;5; 8,83 ;1,88%
Health & Fitness;Smoking Cessation; 30,16 ;211494;267;0,13%; 0,14 ; 0,11 ;5; 6,03 ;1,87%
Health & Fitness;Substance Abuse; 45,52 ;212699;267;0,13%; 0,21 ; 0,17 ;5; 9,10 ;1,87%
Health & Fitness;Thyroid Disease; 28,00 ;211189;266;0,13%; 0,13 ; 0,11 ;5; 5,60 ;1,88%
Health & Fitness;Weight Loss; 42,48 ;213176;266;0,12%; 0,20 ; 0,16 ;5; 8,50 ;1,88%
Health & Fitness;Women's Health; 197,04 ;229809;271;0,12%; 0,86 ; 0,73 ;5; 39,41 ;1,85%
Hobbies & Interests;Art/Technology; 91,28 ;218595;266;0,12%; 0,42 ; 0,34 ;5; 18,26 ;1,88%
Hobbies & Interests;Arts & Crafts; 375,12 ;239957;277;0,12%; 1,56 ; 1,35 ;5; 75,02 ;1,81%
Hobbies & Interests;Beadwork; 54,96 ;214860;266;0,12%; 0,26 ; 0,21 ;5; 10,99 ;1,88%
Hobbies & Interests;Birdwatching; 54,96 ;214860;266;0,12%; 0,26 ; 0,21 ;5; 10,99 ;1,88%
Hobbies & Interests;Board Games/Puzzles; 1 072,32 ;369808;349;0,09%; 2,90 ; 3,07 ;5; 214,46 ;1,43%
Hobbies & Interests;Candle & Soap Making; 54,96 ;214860;266;0,12%; 0,26 ; 0,21 ;5; 10,99 ;1,88%
Hobbies & Interests;Card Games; 720,72 ;287923;296;0,10%; 2,50 ; 2,43 ;5; 144,14 ;1,69%
Hobbies & Interests;Chess; 284,64 ;232440;275;0,12%; 1,22 ; 1,04 ;5; 56,93 ;1,82%
Hobbies & Interests;Cigars; 20,24 ;210811;266;0,13%; 0,10 ; 0,08 ;5; 4,05 ;1,88%
Hobbies & Interests;Collecting; 3 118,80 ;366972;330;0,09%; 8,50 ; 9,45 ;5; 623,76 ;1,52%
Hobbies & Interests;Comic Books; 3 577,12 ;448680;366;0,08%; 7,97 ; 9,77 ;5; 715,42 ;1,37%
Hobbies & Interests;Drawing/Sketching; 133,52 ;221772;281;0,13%; 0,60 ; 0,48 ;5; 26,70 ;1,78%
Hobbies & Interests;Freelance Writing; 55,04 ;214862;266;0,12%; 0,26 ; 0,21 ;5; 11,01 ;1,88%
Hobbies & Interests;Genealogy; 210,72 ;231431;271;0,12%; 0,91 ; 0,78 ;5; 42,14 ;1,85%
Hobbies & Interests;Getting Published; 55,04 ;214862;266;0,12%; 0,26 ; 0,21 ;5; 11,01 ;1,88%
Hobbies & Interests;Guitar; 108,40 ;220517;267;0,12%; 0,49 ; 0,41 ;5; 21,68 ;1,87%
Hobbies & Interests;Home Recording; 96,80 ;218919;266;0,12%; 0,44 ; 0,36 ;5; 19,36 ;1,88%
Hobbies & Interests;Investors & Patents; 54,96 ;214860;266;0,12%; 0,26 ; 0,21 ;5; 10,99 ;1,88%
Hobbies & Interests;Jewelry Making; 649,68 ;290174;284;0,10%; 2,24 ; 2,29 ;5; 129,94 ;1,76%
Hobbies & Interests;Magic & Illusion; 71,44 ;216117;266;0,12%; 0,33 ; 0,27 ;5; 14,29 ;1,88%
Hobbies & Interests;n/a; 26 903,52 ;3931804;2502;0,06%; 6,84 ; 10,75 ;6; 4 483,92 ;0,24%
Hobbies & Interests;Needlework; 409,04 ;253601;279;0,11%; 1,61 ; 1,47 ;5; 81,81 ;1,79%
Hobbies & Interests;Painting; 109,84 ;218783;269;0,12%; 0,50 ; 0,41 ;5; 21,97 ;1,86%
Hobbies & Interests;Photography; 645,28 ;271210;283;0,10%; 2,38 ; 2,28 ;5; 129,06 ;1,77%
Hobbies & Interests;Radio; 1 055,44 ;349815;348;0,10%; 3,02 ; 3,03 ;5; 211,09 ;1,44%
Hobbies & Interests;Roleplaying Games; 979,60 ;396549;329;0,08%; 2,47 ; 2,98 ;5; 195,92 ;1,52%
Hobbies & Interests;Sci-Fi & Fantasy; 95,76 ;219276;267;0,12%; 0,44 ; 0,36 ;5; 19,15 ;1,87%
Hobbies & Interests;Scrapbooking; 2 942,80 ;350573;327;0,09%; 8,39 ; 9,00 ;5; 588,56 ;1,53%
Hobbies & Interests;Screenwriting; 20,24 ;210811;266;0,13%; 0,10 ; 0,08 ;5; 4,05 ;1,88%
Hobbies & Interests;Stamps & Coins; 2 388,80 ;279163;309;0,11%; 8,56 ; 7,73 ;5; 477,76 ;1,62%
Hobbies & Interests;Video & Computer Games; 13 511,04 ;1950862;1682;0,09%; 6,93 ; 8,03 ;6; 2 251,84 ;0,36%
Hobbies & Interests;Woodworking; 20,24 ;210811;266;0,13%; 0,10 ; 0,08 ;5; 4,05 ;1,88%
Home & Garden;Appliances; 118,32 ;211792;263;0,12%; 0,56 ; 0,45 ;4; 29,58 ;1,52%
Home & Garden;Entertaining; 19,76 ;205750;260;0,13%; 0,10 ; 0,08 ;4; 4,94 ;1,54%
Home & Garden;Environmental Safety; 20,96 ;205869;260;0,13%; 0,10 ; 0,08 ;4; 5,24 ;1,54%
Home & Garden;Gardening; 4 025,04 ;347587;341;0,10%; 11,58 ; 11,80 ;4; 1 006,26 ;1,17%
Home & Garden;Home Repair; 246,40 ;227201;271;0,12%; 1,08 ; 0,91 ;4; 61,60 ;1,48%
Home & Garden;Home Theater; 89,28 ;212393;266;0,13%; 0,42 ; 0,34 ;4; 22,32 ;1,50%
Home & Garden;Interior Decorating; 1 047,68 ;324874;294;0,09%; 3,22 ; 3,56 ;4; 261,92 ;1,36%
Home & Garden;Landscaping; 3 218,40 ;378020;334;0,09%; 8,51 ; 9,64 ;4; 804,60 ;1,20%
Home & Garden;n/a; 3 888,24 ;473635;366;0,08%; 8,21 ; 10,62 ;4; 972,06 ;1,09%
Home & Garden;Remodeling & Construction; 25,76 ;206167;260;0,13%; 0,12 ; 0,10 ;4; 6,44 ;1,54%
Law, Gov't & Politics;Commentary; 403,68 ;244254;288;0,12%; 1,65 ; 1,40 ;4; 100,92 ;1,39%
Law, Gov't & Politics;Immigration; 158,48 ;212739;268;0,13%; 0,74 ; 0,59 ;4; 39,62 ;1,49%
Law, Gov't & Politics;Legal Issues; 273,52 ;224192;272;0,12%; 1,22 ; 1,01 ;4; 68,38 ;1,47%
Law, Gov't & Politics;n/a; 4 129,68 ;623619;540;0,09%; 6,62 ; 7,65 ;5; 825,94 ;0,93%
Law, Gov't & Politics;Politics; 2 713,76 ;464767;436;0,09%; 5,84 ; 6,22 ;4; 678,44 ;0,92%
Law, Gov't & Politics;U.S. Government Resources; 1 716,16 ;344876;351;0,10%; 4,98 ; 4,89 ;4; 429,04 ;1,14%
n/a;n/a; 159 957,20 ;9129536;10334;0,11%; 17,52 ; 15,48 ;11; 14 541,56 ;0,11%
News;International News; 5 648,56 ;822438;540;0,07%; 6,87 ; 10,46 ;5; 1 129,71 ;0,93%
News;Local News; 5 651,12 ;725907;507;0,07%; 7,78 ; 11,15 ;6; 941,85 ;1,18%
News;n/a; 74 509,84 ;7186460;3501;0,05%; 10,37 ; 21,28 ;8; 9 313,73 ;0,23%
News;National News; 1 929,04 ;337956;373;0,11%; 5,71 ; 5,17 ;5; 385,81 ;1,34%
Personal Finance;Beginning Investing; 119,60 ;220560;270;0,12%; 0,54 ; 0,44 ;5; 23,92 ;1,85%
Personal Finance;Credit/Debt & Loans; 243,28 ;223111;276;0,12%; 1,09 ; 0,88 ;5; 48,66 ;1,81%
Personal Finance;Financial News; 817,84 ;265064;286;0,11%; 3,09 ; 2,86 ;5; 163,57 ;1,75%
Personal Finance;Financial Planning; 107,68 ;224554;269;0,12%; 0,48 ; 0,40 ;5; 21,54 ;1,86%
Personal Finance;Hedge Fund; 131,76 ;221146;270;0,12%; 0,60 ; 0,49 ;5; 26,35 ;1,85%
Personal Finance;Insurance; 139,92 ;219163;273;0,12%; 0,64 ; 0,51 ;5; 27,98 ;1,83%
Personal Finance;Investing; 1 351,76 ;305842;313;0,10%; 4,42 ; 4,32 ;5; 270,35 ;1,60%
Personal Finance;Mutual Funds; 119,36 ;220465;270;0,12%; 0,54 ; 0,44 ;5; 23,87 ;1,85%
Personal Finance;n/a; 2 821,52 ;419774;374;0,09%; 6,72 ; 7,54 ;5; 564,30 ;1,34%
Personal Finance;Options; 118,88 ;220452;270;0,12%; 0,54 ; 0,44 ;5; 23,78 ;1,85%
Personal Finance;Retirement Planning; 44,64 ;211798;266;0,13%; 0,21 ; 0,17 ;5; 8,93 ;1,88%
Personal Finance;Stocks; 118,88 ;220456;270;0,12%; 0,54 ; 0,44 ;5; 23,78 ;1,85%
Personal Finance;Tax Planning; 94,80 ;215978;270;0,13%; 0,44 ; 0,35 ;5; 18,96 ;1,85%
Pets;Aquariums; 141,84 ;230261;273;0,12%; 0,62 ; 0,52 ;5; 28,37 ;1,83%
Pets;Birds; 155,84 ;230946;273;0,12%; 0,67 ; 0,57 ;5; 31,17 ;1,83%
Pets;Cats; 197,60 ;234508;273;0,12%; 0,84 ; 0,72 ;5; 39,52 ;1,83%
Pets;Dogs; 395,28 ;252223;291;0,12%; 1,57 ; 1,36 ;5; 79,06 ;1,72%
Pets;Large Animals; 52,80 ;215300;267;0,12%; 0,25 ; 0,20 ;5; 10,56 ;1,87%
Pets;n/a; 7 291,84 ;1123800;674;0,06%; 6,49 ; 10,82 ;5; 1 458,37 ;0,74%
Pets;Reptiles; 131,28 ;229020;272;0,12%; 0,57 ; 0,48 ;5; 26,26 ;1,84%
Pets;Veterinary Medicine; 60,80 ;216782;269;0,12%; 0,28 ; 0,23 ;5; 12,16 ;1,86%
Real Estate;Apartments; 953,04 ;321418;219;0,07%; 2,97 ; 4,35 ;3; 317,68 ;1,37%
Real Estate;Architects; 233,04 ;229812;158;0,07%; 1,01 ; 1,47 ;3; 77,68 ;1,90%
Real Estate;Buying/Selling Homes; 1 143,12 ;338105;237;0,07%; 3,38 ; 4,82 ;3; 381,04 ;1,27%
Real Estate;n/a; 3 839,60 ;613366;346;0,06%; 6,26 ; 11,10 ;3; 1 279,87 ;0,87%
Religion & Spirituality;Alternative Religions; 19,76 ;205747;144;0,07%; 0,10 ; 0,14 ;2; 9,88 ;1,39%
Religion & Spirituality;Atheism/Agnosticism; 25,84 ;206390;145;0,07%; 0,13 ; 0,18 ;2; 12,92 ;1,38%
Religion & Spirituality;Buddhism; 40,32 ;207187;145;0,07%; 0,19 ; 0,28 ;2; 20,16 ;1,38%
Religion & Spirituality;Catholicism; 19,76 ;205747;144;0,07%; 0,10 ; 0,14 ;2; 9,88 ;1,39%
Religion & Spirituality;Christianity; 293,52 ;225579;158;0,07%; 1,30 ; 1,86 ;2; 146,76 ;1,27%
Religion & Spirituality;Hinduism; 36,80 ;207018;144;0,07%; 0,18 ; 0,26 ;2; 18,40 ;1,39%
Religion & Spirituality;Islam; 89,52 ;211463;149;0,07%; 0,42 ; 0,60 ;2; 44,76 ;1,34%
Religion & Spirituality;Judaism; 44,32 ;208417;145;0,07%; 0,21 ; 0,31 ;2; 22,16 ;1,38%
Religion & Spirituality;Latter-Day Saints; 19,76 ;205747;144;0,07%; 0,10 ; 0,14 ;2; 9,88 ;1,39%
Religion & Spirituality;n/a; 1 360,32 ;310199;272;0,09%; 4,39 ; 5,00 ;2; 680,16 ;0,74%
Religion & Spirituality;Pagan/Wiccan; 32,64 ;206488;146;0,07%; 0,16 ; 0,22 ;2; 16,32 ;1,37%
Science;Astrology; 19,76 ;205750;260;0,13%; 0,10 ; 0,08 ;4; 4,94 ;1,54%
Science;Biology; 275,20 ;223495;268;0,12%; 1,23 ; 1,03 ;4; 68,80 ;1,49%
Science;Botany; 54,40 ;208520;262;0,13%; 0,26 ; 0,21 ;4; 13,60 ;1,53%
Science;Chemistry; 93,04 ;211350;263;0,12%; 0,44 ; 0,35 ;4; 23,26 ;1,52%
Science;Geography; 149,92 ;215124;267;0,12%; 0,70 ; 0,56 ;4; 37,48 ;1,50%
Science;Geology; 58,72 ;208909;262;0,13%; 0,28 ; 0,22 ;4; 14,68 ;1,53%
Science;n/a; 1 548,48 ;316238;332;0,10%; 4,90 ; 4,66 ;4; 387,12 ;1,20%
Science;Paranormal Phenomena; 391,68 ;233932;275;0,12%; 1,67 ; 1,42 ;4; 97,92 ;1,45%
Science;Physics; 124,56 ;213556;261;0,12%; 0,58 ; 0,48 ;4; 31,14 ;1,53%
Science;Space/Astronomy; 207,04 ;219788;272;0,12%; 0,94 ; 0,76 ;4; 51,76 ;1,47%
Science;Weather; 123,20 ;211042;261;0,12%; 0,58 ; 0,47 ;4; 30,80 ;1,53%
Shopping;Comparison; 5 714,00 ;445064;279;0,06%; 12,84 ; 20,48 ;3; 1 904,67 ;1,08%
Shopping;Contests & Freebies; 5 124,48 ;391546;254;0,06%; 13,09 ; 20,18 ;3; 1 708,16 ;1,18%
Shopping;Couponing; 5 203,84 ;423197;271;0,06%; 12,30 ; 19,20 ;3; 1 734,61 ;1,11%
Shopping;Engines; 5 059,04 ;413873;254;0,06%; 12,22 ; 19,92 ;3; 1 686,35 ;1,18%
Shopping;n/a; 30 061,92 ;3240272;1623;0,05%; 9,28 ; 18,52 ;6; 5 010,32 ;0,37%
Society;Dating; 2 130,48 ;528782;369;0,07%; 4,03 ; 5,77 ;5; 426,10 ;1,36%
Society;Divorce Support; 28,80 ;211446;267;0,13%; 0,14 ; 0,11 ;5; 5,76 ;1,87%
Society;Ethnic Specific; 457,76 ;253313;309;0,12%; 1,81 ; 1,48 ;5; 91,55 ;1,62%
Society;Gay Life; 56,24 ;217400;272;0,13%; 0,26 ; 0,21 ;5; 11,25 ;1,84%
Society;Marriage; 26,64 ;211449;266;0,13%; 0,13 ; 0,10 ;5; 5,33 ;1,88%
Society;n/a; 6 874,32 ;963362;685;0,07%; 7,14 ; 10,04 ;6; 1 145,72 ;0,88%
Society;Senior Living; 47,76 ;213127;268;0,13%; 0,22 ; 0,18 ;5; 9,55 ;1,87%
Society;Teens; 74,48 ;214136;270;0,13%; 0,35 ; 0,28 ;5; 14,90 ;1,85%
Society;Weddings; 21,44 ;210913;266;0,13%; 0,10 ; 0,08 ;5; 4,29 ;1,88%
Sports;Auto Racing; 304,32 ;240123;286;0,12%; 1,27 ; 1,06 ;5; 60,86 ;1,75%
Sports;Baseball; 79,44 ;217154;271;0,12%; 0,37 ; 0,29 ;5; 15,89 ;1,85%
Sports;Bicycling; 204,24 ;229384;272;0,12%; 0,89 ; 0,75 ;5; 40,85 ;1,84%
Sports;Bodybuilding; 158,56 ;221079;272;0,12%; 0,72 ; 0,58 ;5; 31,71 ;1,84%
Sports;Boxing; 68,48 ;215531;267;0,12%; 0,32 ; 0,26 ;5; 13,70 ;1,87%
Sports;Canoeing/Kayaking; 20,40 ;210860;266;0,13%; 0,10 ; 0,08 ;5; 4,08 ;1,88%
Sports;Cheerleading; 22,72 ;211142;266;0,13%; 0,11 ; 0,09 ;5; 4,54 ;1,88%
Sports;Climbing; 46,48 ;213004;266;0,12%; 0,22 ; 0,17 ;5; 9,30 ;1,88%
Sports;Cricket; 109,76 ;219424;269;0,12%; 0,50 ; 0,41 ;5; 21,95 ;1,86%
Sports;Figure Skating; 46,40 ;213400;268;0,13%; 0,22 ; 0,17 ;5; 9,28 ;1,87%
Sports;Fly Fishing; 113,04 ;219572;271;0,12%; 0,51 ; 0,42 ;5; 22,61 ;1,85%
Sports;Football; 200,24 ;244846;281;0,11%; 0,82 ; 0,71 ;5; 40,05 ;1,78%
Sports;Freshwater Fishing; 49,84 ;213503;269;0,13%; 0,23 ; 0,19 ;5; 9,97 ;1,86%
Sports;Game & Fish; 35,36 ;211539;266;0,13%; 0,17 ; 0,13 ;5; 7,07 ;1,88%
Sports;Golf; 69,12 ;214338;266;0,12%; 0,32 ; 0,26 ;5; 13,82 ;1,88%
Sports;Horse Racing; 20,32 ;210819;266;0,13%; 0,10 ; 0,08 ;5; 4,06 ;1,88%
Sports;Horses; 253,84 ;249949;286;0,11%; 1,02 ; 0,89 ;5; 50,77 ;1,75%
Sports;Hunting/Shooting; 36,08 ;212223;268;0,13%; 0,17 ; 0,13 ;5; 7,22 ;1,87%
Sports;Inline Skating; 21,28 ;210871;266;0,13%; 0,10 ; 0,08 ;5; 4,26 ;1,88%
Sports;Martial Arts; 58,48 ;215244;266;0,12%; 0,27 ; 0,22 ;5; 11,70 ;1,88%
Sports;Mountain Biking; 95,04 ;218061;269;0,12%; 0,44 ; 0,35 ;5; 19,01 ;1,86%
Sports;n/a; 17 889,92 ;1808708;1031;0,06%; 9,89 ; 17,35 ;6; 2 981,65 ;0,58%
Sports;NASCAR Racing; 82,32 ;219616;270;0,12%; 0,37 ; 0,30 ;5; 16,46 ;1,85%
Sports;Olympics; 135,52 ;220369;275;0,12%; 0,61 ; 0,49 ;5; 27,10 ;1,82%
Sports;Paintball; 30,88 ;212092;266;0,13%; 0,15 ; 0,12 ;5; 6,18 ;1,88%
Sports;Power & Motorcycles; 357,68 ;244454;284;0,12%; 1,46 ; 1,26 ;5; 71,54 ;1,76%
Sports;Pro Basketball; 208,24 ;230946;277;0,12%; 0,90 ; 0,75 ;5; 41,65 ;1,81%
Sports;Pro Ice Hockey; 333,12 ;247502;276;0,11%; 1,35 ; 1,21 ;5; 66,62 ;1,81%
Sports;Rodeo; 37,12 ;211668;266;0,13%; 0,18 ; 0,14 ;5; 7,42 ;1,88%
Sports;Rugby; 48,40 ;213390;267;0,13%; 0,23 ; 0,18 ;5; 9,68 ;1,87%
Sports;Running/Jogging; 71,60 ;214668;269;0,13%; 0,33 ; 0,27 ;5; 14,32 ;1,86%
Sports;Sailing; 20,88 ;210966;266;0,13%; 0,10 ; 0,08 ;5; 4,18 ;1,88%
Sports;Saltwater Fishing; 49,92 ;213508;269;0,13%; 0,23 ; 0,19 ;5; 9,98 ;1,86%
Sports;Scuba Diving; 25,04 ;211177;266;0,13%; 0,12 ; 0,09 ;5; 5,01 ;1,88%
Sports;Skateboarding; 34,64 ;211874;268;0,13%; 0,16 ; 0,13 ;5; 6,93 ;1,87%
Sports;Skiing; 161,92 ;222432;270;0,12%; 0,73 ; 0,60 ;5; 32,38 ;1,85%
Sports;Snowboarding; 152,64 ;221680;270;0,12%; 0,69 ; 0,57 ;5; 30,53 ;1,85%
Sports;Surfing/Bodyboarding; 63,28 ;213756;267;0,12%; 0,30 ; 0,24 ;5; 12,66 ;1,87%
Sports;Swimming; 58,08 ;213260;267;0,13%; 0,27 ; 0,22 ;5; 11,62 ;1,87%
Sports;Table Tennis/Ping-Pong; 85,28 ;218255;268;0,12%; 0,39 ; 0,32 ;5; 17,06 ;1,87%
Sports;Tennis; 208,40 ;227889;272;0,12%; 0,91 ; 0,77 ;5; 41,68 ;1,84%
Sports;Volleyball; 30,40 ;211801;266;0,13%; 0,14 ; 0,11 ;5; 6,08 ;1,88%
Sports;Walking; 71,36 ;214592;269;0,13%; 0,33 ; 0,27 ;5; 14,27 ;1,86%
Sports;Waterski/Wakeboard; 29,76 ;211668;266;0,13%; 0,14 ; 0,11 ;5; 5,95 ;1,88%
Sports;World Soccer; 11 004,88 ;1195093;859;0,07%; 9,21 ; 12,81 ;7; 1 572,13 ;0,81%
Style & Fashion;Accessories; 4 330,72 ;401746;355;0,09%; 10,78 ; 12,20 ;5; 866,14 ;1,41%
Style & Fashion;Beauty; 1 088,56 ;288693;308;0,11%; 3,77 ; 3,53 ;5; 217,71 ;1,62%
Style & Fashion;Body Art; 96,48 ;218244;266;0,12%; 0,44 ; 0,36 ;5; 19,30 ;1,88%
Style & Fashion;Clothing; 3 105,36 ;376563;335;0,09%; 8,25 ; 9,27 ;5; 621,07 ;1,49%
Style & Fashion;Fashion; 5 465,68 ;535053;390;0,07%; 10,22 ; 14,01 ;5; 1 093,14 ;1,28%
Style & Fashion;Jewelry; 703,84 ;304898;287;0,09%; 2,31 ; 2,45 ;5; 140,77 ;1,74%
Style & Fashion;n/a; 3 016,32 ;405701;325;0,08%; 7,43 ; 9,28 ;5; 603,26 ;1,54%
Technology & Computing;3-D Graphics; 20,24 ;210805;266;0,13%; 0,10 ; 0,08 ;5; 4,05 ;1,88%
Technology & Computing;Animation; 141,84 ;220875;268;0,12%; 0,64 ; 0,53 ;5; 28,37 ;1,87%
Technology & Computing;Antivirus Software; 1 157,04 ;336273;326;0,10%; 3,44 ; 3,55 ;5; 231,41 ;1,53%
Technology & Computing;C/C++; 75,12 ;216198;269;0,12%; 0,35 ; 0,28 ;5; 15,02 ;1,86%
Technology & Computing;Cameras & Camcorders; 3 027,04 ;358212;329;0,09%; 8,45 ; 9,20 ;5; 605,41 ;1,52%
Technology & Computing;Cell Phones; 5 108,80 ;539795;442;0,08%; 9,46 ; 11,56 ;5; 1 021,76 ;1,13%
Technology & Computing;Computer Certification; 38,56 ;212072;266;0,13%; 0,18 ; 0,14 ;5; 7,71 ;1,88%
Technology & Computing;Computer Networking; 204,08 ;223291;275;0,12%; 0,91 ; 0,74 ;5; 40,82 ;1,82%
Technology & Computing;Computer Peripherals; 2 575,60 ;299832;329;0,11%; 8,59 ; 7,83 ;5; 515,12 ;1,52%
Technology & Computing;Computer Reviews; 23,28 ;211087;266;0,13%; 0,11 ; 0,09 ;5; 4,66 ;1,88%
Technology & Computing;Data Centers; 20,24 ;210805;266;0,13%; 0,10 ; 0,08 ;5; 4,05 ;1,88%
Technology & Computing;Databases; 33,20 ;211602;266;0,13%; 0,16 ; 0,12 ;5; 6,64 ;1,88%
Technology & Computing;Desktop Publishing; 124,16 ;220213;271;0,12%; 0,56 ; 0,46 ;5; 24,83 ;1,85%
Technology & Computing;Desktop Video; 169,84 ;221582;274;0,12%; 0,77 ; 0,62 ;5; 33,97 ;1,82%
Technology & Computing;Email; 775,28 ;291636;330;0,11%; 2,66 ; 2,35 ;5; 155,06 ;1,52%
Technology & Computing;Entertainment; 32 985,92 ;4821711;2393;0,05%; 6,84 ; 13,78 ;8; 4 123,24 ;0,33%
Technology & Computing;Graphics Software; 1 173,52 ;340561;323;0,09%; 3,45 ; 3,63 ;5; 234,70 ;1,55%
Technology & Computing;Home Video/DVD; 2 618,32 ;300517;322;0,11%; 8,71 ; 8,13 ;5; 523,66 ;1,55%
Technology & Computing;Internet Technology; 1 281,76 ;312578;338;0,11%; 4,10 ; 3,79 ;5; 256,35 ;1,48%
Technology & Computing;Java; 104,56 ;218103;269;0,12%; 0,48 ; 0,39 ;5; 20,91 ;1,86%
Technology & Computing;JavaScript; 99,44 ;221058;268;0,12%; 0,45 ; 0,37 ;5; 19,89 ;1,87%
Technology & Computing;Mac Support; 410,64 ;237444;281;0,12%; 1,73 ; 1,46 ;5; 82,13 ;1,78%
Technology & Computing;MP3/MIDI; 20,24 ;210805;266;0,13%; 0,10 ; 0,08 ;5; 4,05 ;1,88%
Technology & Computing;n/a; 32 675,12 ;3246566;1771;0,05%; 10,06 ; 18,45 ;8; 4 084,39 ;0,45%
Technology & Computing;Net Conferencing; 26,80 ;211 255;266;0,13%; 0,13 ; 0,10 ;5; 5,36 ;1,88%
Technology & Computing;Net for Beginners; 175,76 ;220 731;274;0,12%; 0,80 ; 0,64 ;5; 35,15 ;1,82%
Technology & Computing;Network Security; 67,28 ;233 335;273;0,12%; 0,29 ; 0,25 ;5; 13,46 ;1,83%
Technology & Computing;Palmtops/PDAs; 720,56 ;293 136;287;0,10%; 2,46 ; 2,51 ;5; 144,11 ;1,74%
Technology & Computing;PC Support; 29,52 ;211 424;266;0,13%; 0,14 ; 0,11 ;5; 5,90 ;1,88%
Technology & Computing;Portable; 2 451,76 ;282 713;311;0,11%; 8,67 ; 7,88 ;5; 490,35 ;1,61%
Technology & Computing;Shareware/Freeware; 1 990,08 ;391 386;362;0,09%; 5,08 ; 5,50 ;5; 398,02 ;1,38%
Technology & Computing;Unix; 95,04 ;217 279;270;0,12%; 0,44 ; 0,35 ;5; 19,01 ;1,85%
Technology & Computing;Visual Basic; 47,36 ;214 234;267;0,12%; 0,22 ; 0,18 ;5; 9,47 ;1,87%
Technology & Computing;Web Clip Art; 162,56 ;223 660;277;0,12%; 0,73 ; 0,59 ;5; 32,51 ;1,81%
Technology & Computing;Web Design/HTML; 2 703,92 ;467 852;337;0,07%; 5,78 ; 8,02 ;6; 450,65 ;1,78%
Technology & Computing;Web Search; 3 477,52 ;470 415;353;0,08%; 7,39 ; 9,85 ;3; 1 159,17 ;0,85%
Technology & Computing;Windows; 273,12 ;226 385;166;0,07%; 1,21 ; 1,65 ;3; 91,04 ;1,81%
Travel;Adventure Travel; 135,76 ;221 023;154;0,07%; 0,61 ; 0,88 ;3; 45,25 ;1,95%
Travel;Africa; 32,24 ;211 289;150;0,07%; 0,15 ; 0,21 ;3; 10,75 ;2,00%
Travel;Air Travel; 700,80 ;268 263;185;0,07%; 2,61 ; 3,79 ;3; 233,60 ;1,62%
Travel;Australia & New Zealand; 34,00 ;211 428;150;0,07%; 0,16 ; 0,23 ;3; 11,33 ;2,00%
Travel;Bed & Breakfasts; 665,36 ;264 513;174;0,07%; 2,52 ; 3,82 ;3; 221,79 ;1,72%
Travel;Budget Travel; 32,72 ;211 303;150;0,07%; 0,15 ; 0,22 ;3; 10,91 ;2,00%
Travel;Business Travel; 32,72 ;211 303;150;0,07%; 0,15 ; 0,22 ;3; 10,91 ;2,00%
Travel;By US Locale; 32,24 ;211 289;150;0,07%; 0,15 ; 0,21 ;3; 10,75 ;2,00%
Travel;Camping; 79,28 ;215 602;150;0,07%; 0,37 ; 0,53 ;3; 26,43 ;2,00%
Travel;Canada; 32,24 ;211 289;150;0,07%; 0,15 ; 0,21 ;3; 10,75 ;2,00%
Travel;Caribbean; 20,24 ;210 805;150;0,07%; 0,10 ; 0,13 ;3; 6,75 ;2,00%
Travel;Cruises; 45,76 ;212 238;151;0,07%; 0,22 ; 0,30 ;3; 15,25 ;1,99%
Travel;Eastern Europe; 32,24 ;211 289;150;0,07%; 0,15 ; 0,21 ;3; 10,75 ;2,00%
Travel;Europe; 34,00 ;211 428;150;0,07%; 0,16 ; 0,23 ;3; 11,33 ;2,00%
Travel;France; 34,00 ;211 428;150;0,07%; 0,16 ; 0,23 ;3; 11,33 ;2,00%
Travel;Greece; 32,24 ;211 289;150;0,07%; 0,15 ; 0,21 ;3; 10,75 ;2,00%
Travel;Honeymoons/Getaways; 124,00 ;220 173;154;0,07%; 0,56 ; 0,81 ;3; 41,33 ;1,95%
Travel;Hotels; 896,16 ;288 216;177;0,06%; 3,11 ; 5,06 ;3; 298,72 ;1,69%
Travel;Italy; 32,24 ;211 289;150;0,07%; 0,15 ; 0,21 ;3; 10,75 ;2,00%
Travel;Japan; 32,24 ;211 289;150;0,07%; 0,15 ; 0,21 ;3; 10,75 ;2,00%
Travel;Mexico & Central America; 22,00 ;210 944;150;0,07%; 0,10 ; 0,15 ;3; 7,33 ;2,00%
Travel;n/a; 9 549,76 ;1 133 223;618;0,05%; 8,43 ; 15,45 ;3; 3 183,25 ;0,49%
Travel;National Parks; 42,48 ;212 270;151;0,07%; 0,20 ; 0,28 ;3; 14,16 ;1,99%
Travel;South America; 22,00 ;210 944;150;0,07%; 0,10 ; 0,15 ;3; 7,33 ;2,00%
Travel;Spas; 122,32 ;220 229;154;0,07%; 0,56 ; 0,79 ;3; 40,77 ;1,95%
Travel;Theme Parks; 50,80 ;212 984;150;0,07%; 0,24 ; 0,34 ;3; 16,93 ;2,00%
Travel;Traveling with Kids; 35,12 ;211 335;150;0,07%; 0,17 ; 0,23 ;3; 11,71 ;2,00%
Travel;United Kingdom; 34,00 ;211 428;150;0,07%; 0,16 ; 0,23 ;3; 11,33 ;2,00%
Uncategorized;n/a; 10 695,44 ;1 350 336;723;0,05%; 7,92 ; 14,79 ;4; 2 673,86 ;0,55%
